series,value
real_ntc,0.8463263933011231
real_ntc,0.8279830268283699
real_ntc,0.6630495053176778
real_ntc,0.7340978748902918
real_ntc,0.8814644047312205
real_ntc,0.8400887136083255
real_ntc,0.6486381786047651
real_ntc,0.8714784534180904
real_ntc,0.7061266013418697
real_ntc,0.8518495190135816
real_ntc,0.7088030082399073
real_ntc,0.7812393387173131
real_ntc,0.7673723015824443
real_ntc,0.8127731241766115
real_ntc,0.7613995363389715
real_ntc,0.80376294481275
real_ntc,0.8470222055391508
real_ntc,0.8313066551061294
real_ntc,0.891367207293815
real_ntc,0.8037332016695893
real_ntc,0.7783092998721324
real_ntc,0.9475730564096585
real_ntc,0.7755394285779897
real_ntc,0.6742996383492429
real_ntc,0.6395820362654295
real_ntc,0.9099083650525731
real_ntc,0.9515380773381641
real_ntc,0.9008622779020089
real_ntc,0.8798009934024412
real_ntc,0.707989708405298
real_ntc,0.7887712943278076
real_ntc,0.763164386105456
real_ntc,0.6960018030854931
real_ntc,0.8293699803475777
real_ntc,0.84489251273333
real_ntc,0.788308433785523
real_ntc,0.830714880822201
real_ntc,0.4984055250089827
real_ntc,0.7391782445339179
real_ntc,0.8239567935645372
real_ntc,0.7412028453058417
real_ntc,0.8582790947556058
real_ntc,0.8309405039088711
real_ntc,0.761553370427869
real_ntc,0.6672515808947708
real_ntc,0.6558378138815844
real_ntc,0.7828704340172051
real_ntc,0.8150529398324744
real_ntc,0.6587860630796648
real_ntc,0.8205825630118464
real_ntc,0.8043863575682375
real_ntc,0.8815205628198113
real_ntc,0.4519482573459097
real_ntc,0.8510439001139649
real_ntc,0.7173465400748679
real_ntc,0.8431846681006364
real_ntc,0.7033944591064595
real_ntc,0.6831115517102536
real_ntc,0.7800304073759842
real_ntc,0.7484285467860247
real_ntc,0.7841787134784284
real_ntc,0.8637123366788758
real_ntc,0.5635434644901546
real_ntc,0.8701677018487983
real_ntc,0.671709009247967
real_ntc,0.6446753490959232
real_ntc,0.8415170257608183
real_ntc,0.7860793133580141
real_ntc,0.6826387582488792
real_ntc,0.8484641727804656
real_ntc,0.7536242890650797
real_ntc,0.7367640511187327
real_ntc,0.7969730990186821
real_ntc,0.8549147048043381
real_ntc,0.873257880535331
real_ntc,0.7330192664663792
real_ntc,0.7979227408436319
real_ntc,0.7714175658559606
real_ntc,0.7661383116342201
real_ntc,0.7916405169656429
real_ntc,0.509912444222557
real_ntc,0.9260863797833999
real_ntc,0.8242135939097235
real_ntc,0.6395909101209338
real_ntc,0.6106861598646234
real_ntc,0.654228645242072
real_ntc,0.6283957189206997
real_ntc,0.5257535382392265
real_ntc,0.6403060023225562
real_ntc,0.8338432039804188
real_ntc,0.806124326713928
real_ntc,0.6999621460459294
real_ntc,0.7306391160062067
real_ntc,0.8264656952419096
real_ntc,0.8085386613367772
real_ntc,0.794919690537365
real_ntc,0.7279643986140366
real_ntc,0.3897732266110648
real_ko,0.7617590543161341
real_ko,0.7477249115293431
real_ko,0.8953399592922079
real_ko,0.9685713043339582
real_ko,0.9388113834065707
real_ko,0.9654361459121944
real_ko,0.9601225208519133
real_ko,0.9727944649975916
real_ko,0.8402398654210608
real_ko,0.9883868076382485
real_ko,0.9507605295445531
real_ko,0.9742381373693081
real_ko,0.9739867920976295
real_ko,0.9870596475266624
real_ko,0.9754667620141055
real_ko,0.942793306106824
real_ko,0.9771751556910185
real_ko,0.9831839542130192
real_ko,0.9325859370540663
real_ko,0.9569729952259612
real_ko,0.8716976843230216
real_ko,0.8685966199903784
real_ko,0.9616197022289832
real_ko,0.9817090195751197
real_ko,0.9784879511476917
real_ko,0.9645313382360906
real_ko,0.947940085712331
real_ko,0.9662189473555625
real_ko,0.9528420110312142
real_ko,0.9591131934390716
real_ko,0.978286510700656
real_ko,0.978302002844557
real_ko,0.9211585327165377
real_ko,0.9536263775654324
real_ko,0.9405629066152619
real_ko,0.9883234308154967
real_ko,0.9703920519171334
real_ko,0.9599262807740101
real_ko,0.9659855651172672
real_ko,0.9953008594689872
real_ko,0.8942117705664461
real_ko,0.9465325258459242
real_ko,0.8705650473907922
real_ko,0.9315421447745308
real_ko,0.8379207156547136
real_ko,0.9744336127475881
real_ko,0.9813111037744591
real_ko,0.9746785027589882
real_ko,0.9318980535285465
real_ko,0.8244403622663822
real_ko,0.9689901252606107
real_ko,0.9791441707571601
real_ko,0.9594505797259701
real_ko,0.9717563437380288
real_ko,0.9577888242789288
real_ko,0.9618726074704733
real_ko,0.9633192238867168
real_ko,0.984146590804605
real_ko,0.9414867785672568
real_ko,0.9597357605288306
real_ko,0.9391525478884812
real_ko,0.8958916320719208
real_ko,0.9563959184790757
real_ko,0.9742230293199308
real_ko,0.8865936929937592
real_ko,0.9532865388043407
real_ko,0.9839858801274646
real_ko,0.9801757951160779
real_ko,0.8854629817883817
real_ko,0.969960920373458
real_ko,0.8373989557874921
real_ko,0.8316196213184966
real_ko,0.9794493896794695
real_ko,0.9766562953920672
real_ko,0.9609150073669805
real_ko,0.9138214876767997
real_ko,0.9883968839362136
real_ko,0.962090793425125
real_ko,0.9182940217059858
real_ko,0.9714102208515937
real_ko,0.9834660747950043
real_ko,0.9773155289501154
real_ko,0.9617499658859758
real_ko,0.9861376077129044
real_ko,0.9572640653160516
real_ko,0.9519323735993441
real_ko,0.8309333361518253
real_ko,0.8931941851238203
real_ko,0.9778964954141436
real_ko,0.9328641281995688
real_ko,0.9754829149826508
real_ko,0.8311432907254149
real_ko,0.9628388470638317
gen_alpha0,0.8676701432890886
gen_alpha0,0.8432618246070861
gen_alpha0,0.8333433691544728
gen_alpha0,0.8390719770124471
gen_alpha0,0.8241807356901707
gen_alpha0,0.7974795099858663
gen_alpha0,0.629834824908314
gen_alpha0,0.8570507393336589
gen_alpha0,0.6441947215803372
gen_alpha0,0.42053658813333505
gen_alpha0,0.5811409725674527
gen_alpha0,0.7994214832099157
gen_alpha0,0.6912885926802094
gen_alpha0,0.5394930715873661
gen_alpha0,0.8339634100690191
gen_alpha0,0.63835129435777
gen_alpha0,0.6618257327747711
gen_alpha0,0.9513386343300851
gen_alpha0,0.8173169756452157
gen_alpha0,0.8353779334807346
gen_alpha0,0.8669976798058883
gen_alpha0,0.9440838890500697
gen_alpha0,0.8690979344521054
gen_alpha0,0.8223718579600912
gen_alpha0,0.6289677851472533
gen_alpha0,0.43867986665636977
gen_alpha0,0.9024151373669109
gen_alpha0,0.6914854733932936
gen_alpha0,0.880841873911853
gen_alpha0,0.9184516517478476
gen_alpha0,0.8250978958696946
gen_alpha0,0.8604180682247068
gen_alpha0,0.7815577050248322
gen_alpha0,0.667860449851929
gen_alpha0,0.8671045444450398
gen_alpha0,0.73554687688393
gen_alpha0,0.8422558477467685
gen_alpha0,0.5877737108668623
gen_alpha0,0.8338210030603663
gen_alpha0,0.9095010716562494
gen_alpha0,0.7295358682262503
gen_alpha0,0.8655338471362326
gen_alpha0,0.8167721450158918
gen_alpha0,0.845368466578605
gen_alpha0,0.727243301229244
gen_alpha0,0.956486163888624
gen_alpha0,0.5839791071092874
gen_alpha0,0.687255262327847
gen_alpha0,0.6636872359426348
gen_alpha0,0.8279816259368026
gen_alpha0,0.9019330053021088
gen_alpha0,0.7890150298224285
gen_alpha0,0.8653388349106752
gen_alpha0,0.6723485450840413
gen_alpha0,0.8165691569309539
gen_alpha0,0.7597168396951766
gen_alpha0,0.661803286509055
gen_alpha0,0.7601417843642043
gen_alpha0,0.6460813500409686
gen_alpha0,0.7856679503761846
gen_alpha0,0.8795149312800221
gen_alpha0,0.5546640111963295
gen_alpha0,0.7289914460995557
gen_alpha0,0.7023318739275797
gen_alpha0,0.6511931154903463
gen_alpha0,0.7534270011563254
gen_alpha0,0.755139113051247
gen_alpha0,0.6873434272970045
gen_alpha0,0.7397719815267507
gen_alpha0,0.7125815940503741
gen_alpha0,0.8191201445877471
gen_alpha0,0.7372610522926681
gen_alpha0,0.8153600789118814
gen_alpha0,0.8421914523504324
gen_alpha0,0.848969505705636
gen_alpha0,0.7458152444746403
gen_alpha0,0.813884920430659
gen_alpha0,0.4150199788546436
gen_alpha0,0.6878658773830242
gen_alpha0,0.8711956035484828
gen_alpha0,0.7589930856880129
gen_alpha0,0.9328317028821006
gen_alpha0,0.8671017280251402
gen_alpha0,0.349670515381402
gen_alpha0,0.8643337731512448
gen_alpha0,0.8415317723674957
gen_alpha0,0.6518367920088141
gen_alpha0,0.6242540908040612
gen_alpha0,0.5990742900482271
gen_alpha0,0.8512083888430689
gen_alpha0,0.7297717499182081
gen_alpha0,0.7123475206332642
gen_alpha0,0.7079797238986361
gen_alpha0,0.9054551868610463
gen_alpha0,0.8242908846882724
gen_alpha0,0.36276562493300674
gen_alpha1,0.9414674898125568
gen_alpha1,0.8872497309665717
gen_alpha1,0.7352869323566886
gen_alpha1,0.9072599542768097
gen_alpha1,0.6365333009855227
gen_alpha1,0.7398961297720367
gen_alpha1,0.872281284401053
gen_alpha1,0.7546186352632649
gen_alpha1,0.896709948649302
gen_alpha1,0.7912514105289772
gen_alpha1,0.8149491042733219
gen_alpha1,0.6984594846037643
gen_alpha1,0.76598292690529
gen_alpha1,0.7537584361748016
gen_alpha1,0.81361616054926
gen_alpha1,0.7212637449966798
gen_alpha1,0.9028253466229769
gen_alpha1,0.8665862336094016
gen_alpha1,0.8847502591856039
gen_alpha1,0.8173430558835872
gen_alpha1,0.8939229656035215
gen_alpha1,0.9103945564846339
gen_alpha1,0.8662386934126738
gen_alpha1,0.8857424629862165
gen_alpha1,0.954046215549738
gen_alpha1,0.98019541744415
gen_alpha1,0.9526062764367014
gen_alpha1,0.9056799301299788
gen_alpha1,0.8188119351170214
gen_alpha1,0.6943263030328641
gen_alpha1,0.6685716799473137
gen_alpha1,0.9291666635208976
gen_alpha1,0.9417800837035238
gen_alpha1,0.9401109243410858
gen_alpha1,0.8735002171314181
gen_alpha1,0.9153112356430431
gen_alpha1,0.9041546559747591
gen_alpha1,0.9277470691547651
gen_alpha1,0.8453358350908713
gen_alpha1,0.7475290200781507
gen_alpha1,0.7797021061514219
gen_alpha1,0.9778590150852751
gen_alpha1,0.9000861649761864
gen_alpha1,0.6634139280398829
gen_alpha1,0.9044720540430016
gen_alpha1,0.6796783308002762
gen_alpha1,0.8685031905368588
gen_alpha1,0.751749904889286
gen_alpha1,0.912268418962444
gen_alpha1,0.7145138362898781
gen_alpha1,0.9181764583672695
gen_alpha1,0.8280274242962122
gen_alpha1,0.8337313430846963
gen_alpha1,0.9409634521626223
gen_alpha1,0.8891833615862367
gen_alpha1,0.9412885229360441
gen_alpha1,0.8393824605764815
gen_alpha1,0.9298787532559354
gen_alpha1,0.7685843041897608
gen_alpha1,0.8165692232452709
gen_alpha1,0.6232386346346948
gen_alpha1,0.6502929788257583
gen_alpha1,0.9171339984030167
gen_alpha1,0.7222502147088989
gen_alpha1,0.661775575063941
gen_alpha1,0.8903736915265238
gen_alpha1,0.9680260375333734
gen_alpha1,0.771795688231901
gen_alpha1,0.8393791472445769
gen_alpha1,0.9568975286612798
gen_alpha1,0.9634871065745844
gen_alpha1,0.9542815796075333
gen_alpha1,0.9152237692164252
gen_alpha1,0.874852008565202
gen_alpha1,0.9536796587046389
gen_alpha1,0.8437592487483015
gen_alpha1,0.9149823754526695
gen_alpha1,0.9747644354769945
gen_alpha1,0.9228904738878173
gen_alpha1,0.905075315222259
gen_alpha1,0.856014160757983
gen_alpha1,0.5854969322735336
gen_alpha1,0.9558402178363422
gen_alpha1,0.9563260869832351
gen_alpha1,0.8111743868704915
gen_alpha1,0.7839007872978406
gen_alpha1,0.5778031486612354
gen_alpha1,0.8453313195168198
gen_alpha1,0.9091346560937765
gen_alpha1,0.8155971517654228
gen_alpha1,0.7877346428546564
gen_alpha1,0.837772179020929
gen_alpha1,0.686322703197662
gen_alpha2,0.7585734501004965
gen_alpha2,0.9750631527389488
gen_alpha2,0.9222670363742581
gen_alpha2,0.9625874917425467
gen_alpha2,0.9467469511042237
gen_alpha2,0.9656433477864094
gen_alpha2,0.8982834258525142
gen_alpha2,0.9709480045793959
gen_alpha2,0.8117454300296624
gen_alpha2,0.9588112168725634
gen_alpha2,0.9549489381455629
gen_alpha2,0.9577181426251345
gen_alpha2,0.9639509985222435
gen_alpha2,0.9862527129803422
gen_alpha2,0.919977267903821
gen_alpha2,0.9423657059309238
gen_alpha2,0.9751917061548031
gen_alpha2,0.9847277497513328
gen_alpha2,0.9676835357233942
gen_alpha2,0.8737214620995887
gen_alpha2,0.9844043584787477
gen_alpha2,0.9769902559123846
gen_alpha2,0.9648636179333521
gen_alpha2,0.9780272511421451
gen_alpha2,0.8629575246850832
gen_alpha2,0.9904211888514175
gen_alpha2,0.9874350954801125
gen_alpha2,0.9622300985097318
gen_alpha2,0.8197319995667501
gen_alpha2,0.7912492339848515
gen_alpha2,0.9648431296138269
gen_alpha2,0.8500620680770252
gen_alpha2,0.9393490618244761
gen_alpha2,0.9559066390689747
gen_alpha2,0.9536530373580839
gen_alpha2,0.9090730670458883
gen_alpha2,0.9712825297957047
gen_alpha2,0.9460718972468158
gen_alpha2,0.9687565844304926
gen_alpha2,0.8923552713390454
gen_alpha2,0.9513218145632796
gen_alpha2,0.9751333362679857
gen_alpha2,0.9386529085261774
gen_alpha2,0.9701222898852375
gen_alpha2,0.9441208236016336
gen_alpha2,0.9409931170448835
gen_alpha2,0.9754067566742455
gen_alpha2,0.9783978884393162
gen_alpha2,0.8325594182400027
gen_alpha2,0.9789655352483458
gen_alpha2,0.8993941241876385
gen_alpha2,0.7374628965206681
gen_alpha2,0.9794103865741237
gen_alpha2,0.9693965901222489
gen_alpha2,0.8611556408488608
gen_alpha2,0.8416436292450834
gen_alpha2,0.7840190346342625
gen_alpha2,0.9570636703860569
gen_alpha2,0.8305721554240593
gen_alpha2,0.911919249832474
gen_alpha2,0.9128775651535332
gen_alpha2,0.7724782408851744
gen_alpha2,0.9700423782895486
gen_alpha2,0.9215881080556547
gen_alpha2,0.8774425052361805
gen_alpha2,0.909857152190775
gen_alpha2,0.9104221213282692
gen_alpha2,0.9649463052509764
gen_alpha2,0.8071753526964538
gen_alpha2,0.795421203849353
gen_alpha2,0.7800572743331203
gen_alpha2,0.9721399895323275
gen_alpha2,0.9605583760633467
gen_alpha2,0.9592696431567749
gen_alpha2,0.9167861048498568
gen_alpha2,0.914135025801693
gen_alpha2,0.9048958233205302
gen_alpha2,0.9342786526036028
gen_alpha2,0.9452769120007132
gen_alpha2,0.966205882818022
gen_alpha2,0.9770048122354419
gen_alpha2,0.9817890232251621
gen_alpha2,0.9409064478326362
gen_alpha2,0.9077654609186053
gen_alpha2,0.958149591199613
gen_alpha2,0.8811058365053598
gen_alpha2,0.9809984321873272
gen_alpha2,0.9407498741380496
gen_alpha2,0.9590891348616758
gen_alpha2,0.9164083753693579
gen_alpha2,0.6144165636025993
gen_alpha2,0.9766733148479959
gen_alpha2,0.9015524356248013
gen_alpha2,0.9760335288816526
gen_alpha2,0.8711155103605708
gen_alpha2,0.9340744170866863
gen_alpha2,0.9650894372303755
gen_alpha3,0.765776304496041
gen_alpha3,0.9253491218497779
gen_alpha3,0.8754946925080582
gen_alpha3,0.9658037288061626
gen_alpha3,0.8275382011073548
gen_alpha3,0.963605927700687
gen_alpha3,0.9764358452353644
gen_alpha3,0.6157812756987396
gen_alpha3,0.9594049875594349
gen_alpha3,0.8503210264580167
gen_alpha3,0.9483065316477383
gen_alpha3,0.9560320696947778
gen_alpha3,0.6191482630014684
gen_alpha3,0.9523655110064198
gen_alpha3,0.9529369972010268
gen_alpha3,0.8894165889496165
gen_alpha3,0.8240661537609871
gen_alpha3,0.9598142863297988
gen_alpha3,0.9569993750589229
gen_alpha3,0.9892351381599588
gen_alpha3,0.8807223040276887
gen_alpha3,0.9583004720366977
gen_alpha3,0.958933335602023
gen_alpha3,0.9123974570498473
gen_alpha3,0.9811055781728827
gen_alpha3,0.6966555183814683
gen_alpha3,0.9687368129976951
gen_alpha3,0.9055379314352754
gen_alpha3,0.968929559856678
gen_alpha3,0.9415929435921938
gen_alpha3,0.8628836240086905
gen_alpha3,0.6828215374912951
gen_alpha3,0.9834302417027664
gen_alpha3,0.9341169758408527
gen_alpha3,0.6021001749308703
gen_alpha3,0.8606060360991746
gen_alpha3,0.7146106675457632
gen_alpha3,0.9716593857716292
gen_alpha3,0.7319894319080921
gen_alpha3,0.932884249100199
gen_alpha3,0.7755359411238533
gen_alpha3,0.8760605139358422
gen_alpha3,0.968204495973505
gen_alpha3,0.8752896740668674
gen_alpha3,0.6028696952053293
gen_alpha3,0.8706985730789885
gen_alpha3,0.9578899488143412
gen_alpha3,0.9503861514886283
gen_alpha3,0.931498440062909
gen_alpha3,0.9665977789830216
gen_alpha3,0.9448601233514254
gen_alpha3,0.960078317250083
gen_alpha3,0.9376912068420481
gen_alpha3,0.9541878333942966
gen_alpha3,0.9783049099786612
gen_alpha3,0.7688600076000958
gen_alpha3,0.8571333783841673
gen_alpha3,0.9631648327703627
gen_alpha3,0.8867468142228903
gen_alpha3,0.8823195809650284
gen_alpha3,0.9600012579869533
gen_alpha3,0.9506833673031524
gen_alpha3,0.970021735740775
gen_alpha3,0.639885905451055
gen_alpha3,0.9274990283287906
gen_alpha3,0.6040603595593224
gen_alpha3,0.8113884532348041
gen_alpha3,0.8995559303982201
gen_alpha3,0.9492896702211794
gen_alpha3,0.9057378980201725
gen_alpha3,0.6375868802345965
gen_alpha3,0.8497704523651719
gen_alpha3,0.8097471914474991
gen_alpha3,0.9308232162794443
gen_alpha3,0.8490519522859812
